,datetime,open,high,low,close,volume,hold
0,2025-06-30 21:13:00,5060.0,5064.0,5060.0,5062.0,1187,196956
1,2025-06-30 21:14:00,5062.0,5064.0,5060.0,5060.0,618,197026
2,2025-06-30 21:15:00,5060.0,5064.0,5060.0,5060.0,1235,197106
3,2025-06-30 21:16:00,5060.0,5062.0,5058.0,5060.0,1084,197184
4,2025-06-30 21:17:00,5058.0,5060.0,5056.0,5058.0,1015,197125
5,2025-06-30 21:18:00,5058.0,5062.0,5058.0,5058.0,716,197423
6,2025-06-30 21:19:00,5058.0,5060.0,5056.0,5058.0,948,197688
7,2025-06-30 21:20:00,5058.0,5060.0,5058.0,5058.0,195,197793
8,2025-06-30 21:21:00,5058.0,5062.0,5058.0,5058.0,1087,197955
9,2025-06-30 21:22:00,5058.0,5060.0,5058.0,5058.0,1041,198438
10,2025-06-30 21:23:00,5058.0,5060.0,5056.0,5060.0,383,198595
11,2025-06-30 21:24:00,5060.0,5062.0,5058.0,5060.0,842,198538
12,2025-06-30 21:25:00,5060.0,5060.0,5058.0,5058.0,727,198387
13,2025-06-30 21:26:00,5058.0,5060.0,5058.0,5060.0,96,198384
14,2025-06-30 21:27:00,5058.0,5060.0,5058.0,5058.0,119,198356
15,2025-06-30 21:28:00,5060.0,5060.0,5054.0,5056.0,1695,198474
16,2025-06-30 21:29:00,5056.0,5056.0,5054.0,5054.0,544,198487
17,2025-06-30 21:30:00,5054.0,5056.0,5052.0,5052.0,1217,198772
18,2025-06-30 21:31:00,5052.0,5054.0,5052.0,5052.0,963,199109
19,2025-06-30 21:32:00,5052.0,5054.0,5050.0,5052.0,1743,199749
20,2025-06-30 21:33:00,5052.0,5056.0,5052.0,5054.0,695,199835
21,2025-06-30 21:34:00,5056.0,5058.0,5054.0,5056.0,758,199875
22,2025-06-30 21:35:00,5056.0,5056.0,5050.0,5050.0,987,200046
23,2025-06-30 21:36:00,5050.0,5052.0,5048.0,5050.0,1057,200254
24,2025-06-30 21:37:00,5048.0,5050.0,5048.0,5050.0,548,200231
25,2025-06-30 21:38:00,5050.0,5050.0,5046.0,5046.0,771,200514
26,2025-06-30 21:39:00,5048.0,5048.0,5044.0,5044.0,735,200616
27,2025-06-30 21:40:00,5044.0,5046.0,5042.0,5046.0,1552,201342
28,2025-06-30 21:41:00,5044.0,5046.0,5042.0,5046.0,887,201578
29,2025-06-30 21:42:00,5046.0,5046.0,5044.0,5044.0,198,201637
30,2025-06-30 21:43:00,5044.0,5050.0,5044.0,5050.0,1523,201751
31,2025-06-30 21:44:00,5050.0,5050.0,5046.0,5048.0,487,201908
32,2025-06-30 21:45:00,5048.0,5048.0,5046.0,5048.0,84,201946
33,2025-06-30 21:46:00,5046.0,5048.0,5046.0,5048.0,655,202007
34,2025-06-30 21:47:00,5048.0,5048.0,5042.0,5044.0,1964,202584
35,2025-06-30 21:48:00,5046.0,5048.0,5044.0,5048.0,381,202542
36,2025-06-30 21:49:00,5046.0,5048.0,5046.0,5048.0,658,202448
37,2025-06-30 21:50:00,5048.0,5048.0,5046.0,5048.0,570,202344
38,2025-06-30 21:51:00,5048.0,5048.0,5046.0,5048.0,89,202320
39,2025-06-30 21:52:00,5048.0,5048.0,5046.0,5048.0,496,202223
40,2025-06-30 21:53:00,5048.0,5052.0,5048.0,5052.0,991,202414
41,2025-06-30 21:54:00,5052.0,5052.0,5050.0,5050.0,584,202393
42,2025-06-30 21:55:00,5052.0,5054.0,5050.0,5054.0,417,202439
43,2025-06-30 21:56:00,5054.0,5054.0,5050.0,5052.0,756,202397
44,2025-06-30 21:57:00,5052.0,5054.0,5050.0,5050.0,539,202571
45,2025-06-30 21:58:00,5052.0,5052.0,5050.0,5052.0,529,202492
46,2025-06-30 21:59:00,5052.0,5058.0,5052.0,5056.0,1628,202685
47,2025-06-30 22:00:00,5056.0,5058.0,5056.0,5058.0,677,202529
48,2025-06-30 22:01:00,5058.0,5058.0,5054.0,5054.0,726,202845
49,2025-06-30 22:02:00,5054.0,5056.0,5052.0,5052.0,296,202943
50,2025-06-30 22:03:00,5052.0,5054.0,5052.0,5054.0,40,202948
51,2025-06-30 22:04:00,5054.0,5054.0,5052.0,5054.0,61,202953
52,2025-06-30 22:05:00,5054.0,5054.0,5052.0,5054.0,423,202925
53,2025-06-30 22:06:00,5054.0,5056.0,5052.0,5054.0,306,202835
54,2025-06-30 22:07:00,5054.0,5056.0,5054.0,5054.0,299,202681
55,2025-06-30 22:08:00,5056.0,5056.0,5054.0,5054.0,349,202714
56,2025-06-30 22:09:00,5056.0,5056.0,5052.0,5052.0,94,202721
57,2025-06-30 22:10:00,5052.0,5056.0,5052.0,5054.0,348,202690
58,2025-06-30 22:11:00,5054.0,5056.0,5052.0,5054.0,426,202727
59,2025-06-30 22:12:00,5054.0,5054.0,5052.0,5052.0,159,202718
60,2025-06-30 22:13:00,5052.0,5054.0,5052.0,5054.0,55,202701
61,2025-06-30 22:14:00,5054.0,5054.0,5052.0,5054.0,47,202691
62,2025-06-30 22:15:00,5054.0,5054.0,5050.0,5050.0,590,202826
63,2025-06-30 22:16:00,5050.0,5052.0,5050.0,5052.0,148,202792
64,2025-06-30 22:17:00,5050.0,5052.0,5050.0,5050.0,111,202810
65,2025-06-30 22:18:00,5050.0,5052.0,5050.0,5052.0,364,202657
66,2025-06-30 22:19:00,5052.0,5052.0,5050.0,5050.0,57,202651
67,2025-06-30 22:20:00,5052.0,5054.0,5050.0,5052.0,518,202599
68,2025-06-30 22:21:00,5052.0,5054.0,5052.0,5052.0,74,202601
69,2025-06-30 22:22:00,5052.0,5052.0,5050.0,5052.0,281,202629
70,2025-06-30 22:23:00,5052.0,5052.0,5050.0,5052.0,33,202642
71,2025-06-30 22:24:00,5052.0,5052.0,5050.0,5050.0,63,202651
72,2025-06-30 22:25:00,5050.0,5052.0,5046.0,5048.0,1070,202462
73,2025-06-30 22:26:00,5048.0,5050.0,5044.0,5046.0,91,202608
74,2025-06-30 22:27:00,5046.0,5046.0,5044.0,5044.0,230,202675
75,2025-06-30 22:28:00,5044.0,5046.0,5044.0,5046.0,565,202825
76,2025-06-30 22:29:00,5046.0,5046.0,5044.0,5046.0,283,202833
77,2025-06-30 22:30:00,5046.0,5048.0,5044.0,5044.0,390,202922
78,2025-06-30 22:31:00,5046.0,5048.0,5044.0,5046.0,527,202891
79,2025-06-30 22:32:00,5044.0,5048.0,5044.0,5048.0,413,202865
80,2025-06-30 22:33:00,5048.0,5048.0,5046.0,5048.0,369,202846
81,2025-06-30 22:34:00,5048.0,5048.0,5046.0,5046.0,156,202865
82,2025-06-30 22:35:00,5046.0,5048.0,5046.0,5048.0,99,202894
83,2025-06-30 22:36:00,5048.0,5048.0,5046.0,5048.0,258,202948
84,2025-06-30 22:37:00,5048.0,5048.0,5048.0,5048.0,38,202948
85,2025-06-30 22:38:00,5046.0,5048.0,5046.0,5048.0,152,202951
86,2025-06-30 22:39:00,5046.0,5050.0,5046.0,5046.0,570,202804
87,2025-06-30 22:40:00,5048.0,5048.0,5044.0,5044.0,481,202898
88,2025-06-30 22:41:00,5044.0,5046.0,5044.0,5044.0,115,202918
89,2025-06-30 22:42:00,5044.0,5046.0,5040.0,5040.0,2736,203433
90,2025-06-30 22:43:00,5040.0,5042.0,5040.0,5040.0,704,203448
91,2025-06-30 22:44:00,5040.0,5042.0,5040.0,5042.0,350,203445
92,2025-06-30 22:45:00,5042.0,5042.0,5040.0,5040.0,223,203490
93,2025-06-30 22:46:00,5042.0,5042.0,5040.0,5042.0,436,203534
94,2025-06-30 22:47:00,5042.0,5044.0,5040.0,5042.0,441,203747
95,2025-06-30 22:48:00,5042.0,5042.0,5038.0,5040.0,1390,203862
96,2025-06-30 22:49:00,5040.0,5040.0,5036.0,5038.0,930,203988
97,2025-06-30 22:50:00,5040.0,5040.0,5038.0,5040.0,128,203990
98,2025-06-30 22:51:00,5040.0,5040.0,5038.0,5040.0,198,204009
99,2025-06-30 22:52:00,5040.0,5042.0,5038.0,5042.0,352,204111
100,2025-06-30 22:53:00,5042.0,5042.0,5038.0,5040.0,629,204186
101,2025-06-30 22:54:00,5040.0,5040.0,5036.0,5038.0,487,204280
102,2025-06-30 22:55:00,5038.0,5040.0,5038.0,5040.0,269,204265
103,2025-06-30 22:56:00,5038.0,5042.0,5038.0,5038.0,1403,204241
104,2025-06-30 22:57:00,5038.0,5038.0,5036.0,5038.0,349,204321
105,2025-06-30 22:58:00,5038.0,5040.0,5036.0,5038.0,439,204196
106,2025-06-30 22:59:00,5038.0,5040.0,5038.0,5038.0,560,204072
107,2025-06-30 23:00:00,5036.0,5038.0,5036.0,5036.0,922,203791
108,2025-07-01 09:01:00,5038.0,5040.0,5034.0,5038.0,1190,204003
109,2025-07-01 09:02:00,5040.0,5040.0,5034.0,5034.0,961,204168
110,2025-07-01 09:03:00,5034.0,5038.0,5034.0,5038.0,435,204206
111,2025-07-01 09:04:00,5038.0,5038.0,5036.0,5036.0,184,204278
112,2025-07-01 09:05:00,5036.0,5042.0,5036.0,5042.0,974,204251
113,2025-07-01 09:06:00,5042.0,5042.0,5040.0,5042.0,349,204242
114,2025-07-01 09:07:00,5042.0,5042.0,5040.0,5040.0,671,204191
115,2025-07-01 09:08:00,5040.0,5042.0,5038.0,5040.0,670,204399
116,2025-07-01 09:09:00,5040.0,5042.0,5038.0,5040.0,453,204466
117,2025-07-01 09:10:00,5040.0,5044.0,5040.0,5042.0,431,204479
118,2025-07-01 09:11:00,5042.0,5042.0,5040.0,5040.0,126,204478
119,2025-07-01 09:12:00,5040.0,5042.0,5040.0,5042.0,329,204400
120,2025-07-01 09:13:00,5042.0,5044.0,5040.0,5044.0,734,204224
121,2025-07-01 09:14:00,5042.0,5044.0,5040.0,5042.0,406,204313
122,2025-07-01 09:15:00,5042.0,5042.0,5040.0,5040.0,715,204231
123,2025-07-01 09:16:00,5040.0,5044.0,5040.0,5042.0,388,204259
124,2025-07-01 09:17:00,5042.0,5042.0,5038.0,5038.0,416,204450
125,2025-07-01 09:18:00,5038.0,5040.0,5034.0,5034.0,743,204579
126,2025-07-01 09:19:00,5036.0,5038.0,5034.0,5034.0,545,204656
127,2025-07-01 09:20:00,5036.0,5038.0,5034.0,5036.0,556,204695
128,2025-07-01 09:21:00,5036.0,5036.0,5032.0,5032.0,522,204676
129,2025-07-01 09:22:00,5032.0,5036.0,5032.0,5036.0,424,204734
130,2025-07-01 09:23:00,5036.0,5040.0,5034.0,5038.0,539,204937
131,2025-07-01 09:24:00,5038.0,5040.0,5036.0,5040.0,426,205016
132,2025-07-01 09:25:00,5040.0,5040.0,5034.0,5036.0,378,205159
133,2025-07-01 09:26:00,5034.0,5038.0,5034.0,5036.0,296,205090
134,2025-07-01 09:27:00,5038.0,5040.0,5036.0,5038.0,468,204922
135,2025-07-01 09:28:00,5038.0,5040.0,5036.0,5040.0,310,204888
136,2025-07-01 09:29:00,5040.0,5040.0,5036.0,5038.0,262,204913
137,2025-07-01 09:30:00,5038.0,5038.0,5034.0,5034.0,297,204909
138,2025-07-01 09:31:00,5034.0,5036.0,5034.0,5036.0,690,205057
139,2025-07-01 09:32:00,5036.0,5038.0,5034.0,5036.0,163,205029
140,2025-07-01 09:33:00,5036.0,5036.0,5032.0,5034.0,382,205135
141,2025-07-01 09:34:00,5034.0,5034.0,5032.0,5034.0,153,205205
142,2025-07-01 09:35:00,5034.0,5034.0,5030.0,5030.0,1015,205579
143,2025-07-01 09:36:00,5030.0,5036.0,5030.0,5034.0,1519,205858
144,2025-07-01 09:37:00,5032.0,5034.0,5030.0,5032.0,297,205979
145,2025-07-01 09:38:00,5032.0,5032.0,5028.0,5028.0,1047,206142
146,2025-07-01 09:39:00,5028.0,5030.0,5028.0,5030.0,515,206180
147,2025-07-01 09:40:00,5030.0,5030.0,5028.0,5028.0,298,206197
148,2025-07-01 09:41:00,5028.0,5030.0,5028.0,5028.0,338,206205
149,2025-07-01 09:42:00,5028.0,5030.0,5028.0,5028.0,660,206228
150,2025-07-01 09:43:00,5028.0,5034.0,5028.0,5032.0,434,206243
151,2025-07-01 09:44:00,5032.0,5034.0,5030.0,5034.0,250,206253
152,2025-07-01 09:45:00,5034.0,5036.0,5034.0,5036.0,526,206261
153,2025-07-01 09:46:00,5036.0,5038.0,5034.0,5038.0,365,206261
154,2025-07-01 09:47:00,5036.0,5038.0,5036.0,5038.0,561,206277
155,2025-07-01 09:48:00,5038.0,5040.0,5036.0,5040.0,729,206143
156,2025-07-01 09:49:00,5040.0,5040.0,5038.0,5038.0,275,206179
157,2025-07-01 09:50:00,5038.0,5038.0,5036.0,5038.0,650,206171
158,2025-07-01 09:51:00,5038.0,5040.0,5038.0,5040.0,438,206216
159,2025-07-01 09:52:00,5040.0,5040.0,5036.0,5038.0,530,206404
160,2025-07-01 09:53:00,5038.0,5040.0,5034.0,5038.0,682,206445
161,2025-07-01 09:54:00,5038.0,5040.0,5036.0,5040.0,550,206354
162,2025-07-01 09:55:00,5040.0,5040.0,5038.0,5040.0,144,206363
163,2025-07-01 09:56:00,5040.0,5040.0,5036.0,5038.0,334,206407
164,2025-07-01 09:57:00,5038.0,5038.0,5036.0,5036.0,287,206454
165,2025-07-01 09:58:00,5036.0,5040.0,5036.0,5040.0,619,206445
166,2025-07-01 09:59:00,5040.0,5040.0,5036.0,5038.0,493,206563
167,2025-07-01 10:00:00,5038.0,5040.0,5036.0,5036.0,294,206477
168,2025-07-01 10:01:00,5036.0,5040.0,5036.0,5040.0,413,206364
169,2025-07-01 10:02:00,5040.0,5040.0,5036.0,5038.0,211,206430
170,2025-07-01 10:03:00,5038.0,5042.0,5038.0,5040.0,731,206515
171,2025-07-01 10:04:00,5040.0,5042.0,5040.0,5040.0,235,206493
172,2025-07-01 10:05:00,5042.0,5042.0,5040.0,5042.0,143,206535
173,2025-07-01 10:06:00,5042.0,5044.0,5040.0,5040.0,772,206553
174,2025-07-01 10:07:00,5040.0,5042.0,5040.0,5040.0,63,206522
175,2025-07-01 10:08:00,5040.0,5040.0,5038.0,5040.0,440,206504
176,2025-07-01 10:09:00,5040.0,5040.0,5038.0,5040.0,85,206504
177,2025-07-01 10:10:00,5040.0,5040.0,5038.0,5040.0,300,206436
178,2025-07-01 10:11:00,5040.0,5040.0,5038.0,5040.0,45,206435
179,2025-07-01 10:12:00,5040.0,5040.0,5038.0,5038.0,397,206383
180,2025-07-01 10:13:00,5038.0,5042.0,5038.0,5040.0,463,206352
181,2025-07-01 10:14:00,5040.0,5042.0,5040.0,5042.0,155,206339
182,2025-07-01 10:15:00,5040.0,5042.0,5038.0,5038.0,498,206182
183,2025-07-01 10:31:00,5038.0,5040.0,5036.0,5040.0,568,206314
184,2025-07-01 10:32:00,5040.0,5040.0,5036.0,5036.0,168,206239
185,2025-07-01 10:33:00,5036.0,5038.0,5036.0,5038.0,99,206225
186,2025-07-01 10:34:00,5038.0,5038.0,5034.0,5036.0,463,206309
187,2025-07-01 10:35:00,5036.0,5038.0,5036.0,5036.0,62,206298
188,2025-07-01 10:36:00,5036.0,5040.0,5036.0,5038.0,637,206521
189,2025-07-01 10:37:00,5038.0,5040.0,5038.0,5040.0,762,206573
190,2025-07-01 10:38:00,5040.0,5040.0,5038.0,5040.0,67,206524
191,2025-07-01 10:39:00,5040.0,5042.0,5038.0,5040.0,332,206350
192,2025-07-01 10:40:00,5040.0,5042.0,5038.0,5040.0,215,206265
193,2025-07-01 10:41:00,5040.0,5044.0,5040.0,5042.0,914,206342
194,2025-07-01 10:42:00,5042.0,5044.0,5042.0,5042.0,216,206287
195,2025-07-01 10:43:00,5042.0,5048.0,5042.0,5046.0,1249,205946
196,2025-07-01 10:44:00,5046.0,5048.0,5046.0,5048.0,511,205902
197,2025-07-01 10:45:00,5048.0,5050.0,5046.0,5048.0,983,205779
198,2025-07-01 10:46:00,5048.0,5048.0,5044.0,5046.0,482,205679
199,2025-07-01 10:47:00,5046.0,5046.0,5042.0,5042.0,776,205772
200,2025-07-01 10:48:00,5042.0,5044.0,5040.0,5040.0,408,205783
201,2025-07-01 10:49:00,5042.0,5042.0,5038.0,5038.0,766,205896
202,2025-07-01 10:50:00,5040.0,5042.0,5038.0,5040.0,373,205843
203,2025-07-01 10:51:00,5040.0,5042.0,5038.0,5040.0,550,205743
204,2025-07-01 10:52:00,5040.0,5042.0,5040.0,5040.0,147,205742
205,2025-07-01 10:53:00,5040.0,5044.0,5040.0,5044.0,231,205861
206,2025-07-01 10:54:00,5044.0,5044.0,5042.0,5044.0,78,205874
207,2025-07-01 10:55:00,5042.0,5044.0,5040.0,5040.0,267,205781
208,2025-07-01 10:56:00,5040.0,5042.0,5040.0,5042.0,144,205784
209,2025-07-01 10:57:00,5042.0,5042.0,5040.0,5042.0,100,205839
210,2025-07-01 10:58:00,5042.0,5042.0,5038.0,5042.0,438,205960
211,2025-07-01 10:59:00,5042.0,5042.0,5040.0,5040.0,241,206015
212,2025-07-01 11:00:00,5040.0,5040.0,5038.0,5040.0,758,205991
213,2025-07-01 11:01:00,5040.0,5040.0,5038.0,5038.0,202,206028
214,2025-07-01 11:02:00,5040.0,5040.0,5038.0,5040.0,333,206050
215,2025-07-01 11:03:00,5040.0,5040.0,5038.0,5038.0,154,206104
216,2025-07-01 11:04:00,5038.0,5040.0,5036.0,5038.0,349,206158
217,2025-07-01 11:05:00,5038.0,5040.0,5038.0,5038.0,409,206091
218,2025-07-01 11:06:00,5038.0,5040.0,5038.0,5038.0,330,206114
219,2025-07-01 11:07:00,5038.0,5040.0,5038.0,5040.0,74,206093
220,2025-07-01 11:08:00,5040.0,5040.0,5038.0,5038.0,63,206068
221,2025-07-01 11:09:00,5038.0,5040.0,5036.0,5036.0,211,206079
222,2025-07-01 11:10:00,5036.0,5038.0,5036.0,5036.0,81,206097
223,2025-07-01 11:11:00,5036.0,5038.0,5036.0,5036.0,698,206032
224,2025-07-01 11:12:00,5036.0,5038.0,5036.0,5036.0,80,206076
225,2025-07-01 11:13:00,5036.0,5038.0,5036.0,5038.0,1036,206385
226,2025-07-01 11:14:00,5036.0,5042.0,5036.0,5040.0,672,206481
227,2025-07-01 11:15:00,5040.0,5044.0,5040.0,5044.0,419,206523
228,2025-07-01 11:16:00,5044.0,5046.0,5040.0,5040.0,694,206498
229,2025-07-01 11:17:00,5040.0,5042.0,5040.0,5040.0,305,206491
230,2025-07-01 11:18:00,5040.0,5042.0,5040.0,5040.0,26,206483
231,2025-07-01 11:19:00,5040.0,5042.0,5040.0,5040.0,271,206419
232,2025-07-01 11:20:00,5040.0,5044.0,5040.0,5044.0,411,206354
233,2025-07-01 11:21:00,5044.0,5046.0,5042.0,5046.0,359,206151
234,2025-07-01 11:22:00,5046.0,5046.0,5044.0,5046.0,229,206149
235,2025-07-01 11:23:00,5046.0,5046.0,5044.0,5046.0,895,205913
236,2025-07-01 11:24:00,5044.0,5050.0,5044.0,5048.0,1308,205801
237,2025-07-01 11:25:00,5048.0,5052.0,5048.0,5048.0,1287,205565
238,2025-07-01 11:26:00,5050.0,5050.0,5046.0,5050.0,511,205502
239,2025-07-01 11:27:00,5050.0,5054.0,5050.0,5052.0,1460,205121
240,2025-07-01 11:28:00,5052.0,5054.0,5050.0,5052.0,598,205013
241,2025-07-01 11:29:00,5052.0,5052.0,5048.0,5048.0,331,204989
242,2025-07-01 11:30:00,5050.0,5050.0,5048.0,5048.0,523,204847
243,2025-07-01 13:31:00,5050.0,5052.0,5046.0,5046.0,810,204804
244,2025-07-01 13:32:00,5046.0,5048.0,5044.0,5044.0,693,204773
245,2025-07-01 13:33:00,5044.0,5048.0,5044.0,5048.0,223,204706
246,2025-07-01 13:34:00,5046.0,5050.0,5046.0,5048.0,628,204518
247,2025-07-01 13:35:00,5048.0,5050.0,5048.0,5050.0,237,204478
248,2025-07-01 13:36:00,5048.0,5050.0,5048.0,5050.0,63,204481
249,2025-07-01 13:37:00,5050.0,5050.0,5048.0,5048.0,275,204410
250,2025-07-01 13:38:00,5048.0,5050.0,5046.0,5048.0,463,204312
251,2025-07-01 13:39:00,5048.0,5050.0,5048.0,5048.0,73,204333
252,2025-07-01 13:40:00,5048.0,5048.0,5046.0,5046.0,703,204272
253,2025-07-01 13:41:00,5046.0,5048.0,5046.0,5046.0,19,204289
254,2025-07-01 13:42:00,5046.0,5048.0,5042.0,5042.0,491,204028
255,2025-07-01 13:43:00,5042.0,5044.0,5040.0,5040.0,1130,204149
256,2025-07-01 13:44:00,5040.0,5042.0,5040.0,5042.0,454,204163
257,2025-07-01 13:45:00,5042.0,5042.0,5040.0,5040.0,101,204214
258,2025-07-01 13:46:00,5040.0,5042.0,5040.0,5040.0,88,204216
259,2025-07-01 13:47:00,5040.0,5042.0,5040.0,5042.0,599,204158
260,2025-07-01 13:48:00,5042.0,5042.0,5040.0,5042.0,94,204199
261,2025-07-01 13:49:00,5040.0,5044.0,5040.0,5042.0,1142,204569
262,2025-07-01 13:50:00,5042.0,5042.0,5038.0,5042.0,777,204645
263,2025-07-01 13:51:00,5040.0,5044.0,5040.0,5042.0,328,204568
264,2025-07-01 13:52:00,5042.0,5044.0,5042.0,5042.0,122,204611
265,2025-07-01 13:53:00,5044.0,5048.0,5044.0,5048.0,403,204645
266,2025-07-01 13:54:00,5046.0,5048.0,5046.0,5046.0,595,204570
267,2025-07-01 13:55:00,5046.0,5050.0,5046.0,5050.0,1070,204502
268,2025-07-01 13:56:00,5050.0,5050.0,5048.0,5050.0,187,204495
269,2025-07-01 13:57:00,5050.0,5052.0,5048.0,5052.0,845,204507
270,2025-07-01 13:58:00,5050.0,5052.0,5048.0,5050.0,1075,204456
271,2025-07-01 13:59:00,5050.0,5050.0,5048.0,5048.0,232,204476
272,2025-07-01 14:00:00,5048.0,5050.0,5048.0,5048.0,364,204519
273,2025-07-01 14:01:00,5048.0,5048.0,5044.0,5046.0,275,204520
274,2025-07-01 14:02:00,5044.0,5044.0,5042.0,5044.0,775,204699
275,2025-07-01 14:03:00,5044.0,5044.0,5042.0,5044.0,547,204627
276,2025-07-01 14:04:00,5044.0,5044.0,5042.0,5042.0,709,204697
277,2025-07-01 14:05:00,5042.0,5044.0,5042.0,5042.0,365,204743
278,2025-07-01 14:06:00,5042.0,5044.0,5042.0,5042.0,102,204776
279,2025-07-01 14:07:00,5042.0,5044.0,5040.0,5042.0,687,204862
280,2025-07-01 14:08:00,5042.0,5042.0,5040.0,5040.0,443,204999
281,2025-07-01 14:09:00,5040.0,5042.0,5040.0,5042.0,113,205011
282,2025-07-01 14:10:00,5042.0,5042.0,5038.0,5038.0,1463,205162
283,2025-07-01 14:11:00,5040.0,5042.0,5038.0,5040.0,1080,205113
284,2025-07-01 14:12:00,5040.0,5040.0,5036.0,5038.0,832,205081
285,2025-07-01 14:13:00,5038.0,5042.0,5038.0,5038.0,416,205052
286,2025-07-01 14:14:00,5038.0,5042.0,5038.0,5040.0,432,205035
287,2025-07-01 14:15:00,5040.0,5040.0,5036.0,5036.0,431,204933
288,2025-07-01 14:16:00,5036.0,5040.0,5036.0,5038.0,756,204883
289,2025-07-01 14:17:00,5038.0,5040.0,5038.0,5038.0,118,204924
290,2025-07-01 14:18:00,5040.0,5040.0,5038.0,5040.0,620,205163
291,2025-07-01 14:19:00,5040.0,5040.0,5036.0,5036.0,499,205295
292,2025-07-01 14:20:00,5038.0,5040.0,5036.0,5038.0,248,205368
293,2025-07-01 14:21:00,5038.0,5040.0,5036.0,5036.0,580,205448
294,2025-07-01 14:22:00,5036.0,5040.0,5036.0,5040.0,322,205399
295,2025-07-01 14:23:00,5040.0,5040.0,5038.0,5040.0,57,205383
296,2025-07-01 14:24:00,5040.0,5040.0,5038.0,5040.0,313,205427
297,2025-07-01 14:25:00,5040.0,5040.0,5038.0,5040.0,390,205616
298,2025-07-01 14:26:00,5040.0,5042.0,5040.0,5040.0,117,205614
299,2025-07-01 14:27:00,5040.0,5042.0,5040.0,5040.0,279,205672
300,2025-07-01 14:28:00,5040.0,5042.0,5040.0,5040.0,163,205613
301,2025-07-01 14:29:00,5040.0,5042.0,5040.0,5040.0,121,205562
302,2025-07-01 14:30:00,5040.0,5042.0,5038.0,5040.0,454,205686
303,2025-07-01 14:31:00,5038.0,5040.0,5036.0,5038.0,640,205807
304,2025-07-01 14:32:00,5038.0,5040.0,5036.0,5038.0,472,205890
305,2025-07-01 14:33:00,5038.0,5040.0,5038.0,5040.0,118,205884
306,2025-07-01 14:34:00,5040.0,5042.0,5038.0,5042.0,315,205850
307,2025-07-01 14:35:00,5042.0,5042.0,5040.0,5040.0,406,205860
308,2025-07-01 14:36:00,5040.0,5040.0,5038.0,5038.0,195,205853
309,2025-07-01 14:37:00,5038.0,5042.0,5038.0,5040.0,810,205908
310,2025-07-01 14:38:00,5040.0,5040.0,5038.0,5040.0,113,205954
311,2025-07-01 14:39:00,5040.0,5040.0,5036.0,5036.0,792,206176
312,2025-07-01 14:40:00,5036.0,5038.0,5036.0,5036.0,121,206213
313,2025-07-01 14:41:00,5036.0,5038.0,5036.0,5038.0,218,206303
314,2025-07-01 14:42:00,5038.0,5038.0,5034.0,5036.0,2104,206938
315,2025-07-01 14:43:00,5036.0,5036.0,5030.0,5032.0,1615,207211
316,2025-07-01 14:44:00,5032.0,5032.0,5030.0,5032.0,904,207211
317,2025-07-01 14:45:00,5030.0,5034.0,5030.0,5032.0,447,207335
318,2025-07-01 14:46:00,5032.0,5036.0,5032.0,5034.0,391,207505
319,2025-07-01 14:47:00,5036.0,5036.0,5032.0,5034.0,620,207469
320,2025-07-01 14:48:00,5034.0,5034.0,5032.0,5032.0,115,207514
321,2025-07-01 14:49:00,5032.0,5034.0,5032.0,5034.0,154,207470
322,2025-07-01 14:50:00,5034.0,5034.0,5032.0,5034.0,187,207548
323,2025-07-01 14:51:00,5034.0,5038.0,5034.0,5038.0,817,207478
324,2025-07-01 14:52:00,5038.0,5038.0,5034.0,5034.0,669,207316
325,2025-07-01 14:53:00,5034.0,5036.0,5034.0,5036.0,447,207243
326,2025-07-01 14:54:00,5036.0,5036.0,5032.0,5034.0,361,207241
327,2025-07-01 14:55:00,5032.0,5034.0,5032.0,5034.0,686,207246
328,2025-07-01 14:56:00,5034.0,5034.0,5032.0,5034.0,575,207393
329,2025-07-01 14:57:00,5034.0,5034.0,5030.0,5030.0,1531,207234
330,2025-07-01 14:58:00,5030.0,5030.0,5028.0,5028.0,2323,207857
331,2025-07-01 14:59:00,5028.0,5028.0,5018.0,5020.0,6242,207267
332,2025-07-01 15:00:00,5018.0,5026.0,5018.0,5026.0,2465,207296
333,2025-07-01 21:01:00,5028.0,5030.0,5024.0,5026.0,3995,208189
334,2025-07-01 21:02:00,5026.0,5030.0,5024.0,5028.0,2310,208526
335,2025-07-01 21:03:00,5028.0,5028.0,5022.0,5024.0,2314,209367
336,2025-07-01 21:04:00,5024.0,5026.0,5022.0,5024.0,966,209609
337,2025-07-01 21:05:00,5026.0,5026.0,5022.0,5024.0,824,209824
338,2025-07-01 21:06:00,5024.0,5028.0,5022.0,5028.0,1191,210018
339,2025-07-01 21:07:00,5028.0,5030.0,5026.0,5026.0,1482,210345
340,2025-07-01 21:08:00,5026.0,5030.0,5024.0,5028.0,1395,210577
341,2025-07-01 21:09:00,5028.0,5030.0,5028.0,5028.0,1444,211095
342,2025-07-01 21:10:00,5028.0,5030.0,5022.0,5026.0,1775,211567
343,2025-07-01 21:11:00,5024.0,5026.0,5020.0,5020.0,2099,212457
344,2025-07-01 21:12:00,5022.0,5022.0,5018.0,5018.0,1842,212958
345,2025-07-01 21:13:00,5020.0,5020.0,5014.0,5016.0,3283,213411
346,2025-07-01 21:14:00,5014.0,5016.0,5008.0,5010.0,3828,214552
347,2025-07-01 21:15:00,5010.0,5012.0,5006.0,5008.0,3389,216167
348,2025-07-01 21:16:00,5006.0,5014.0,5006.0,5014.0,2271,217047
349,2025-07-01 21:17:00,5014.0,5016.0,5012.0,5016.0,1462,217330
350,2025-07-01 21:18:00,5014.0,5016.0,5010.0,5012.0,2001,217711
351,2025-07-01 21:19:00,5010.0,5012.0,5006.0,5010.0,2224,217853
352,2025-07-01 21:20:00,5012.0,5014.0,5010.0,5012.0,1045,217955
353,2025-07-01 21:21:00,5012.0,5016.0,5010.0,5016.0,1673,218035
354,2025-07-01 21:22:00,5016.0,5018.0,5014.0,5016.0,828,217840
355,2025-07-01 21:23:00,5016.0,5016.0,5014.0,5016.0,386,217976
356,2025-07-01 21:24:00,5016.0,5018.0,5012.0,5012.0,891,218238
357,2025-07-01 21:25:00,5012.0,5014.0,5010.0,5010.0,972,218346
358,2025-07-01 21:26:00,5012.0,5012.0,5010.0,5012.0,581,218485
359,2025-07-01 21:27:00,5012.0,5016.0,5010.0,5014.0,1822,218662
360,2025-07-01 21:28:00,5014.0,5018.0,5014.0,5016.0,727,218667
361,2025-07-01 21:29:00,5016.0,5016.0,5014.0,5014.0,312,218691
362,2025-07-01 21:30:00,5014.0,5016.0,5012.0,5016.0,549,218936
363,2025-07-01 21:31:00,5016.0,5018.0,5014.0,5016.0,691,219060
364,2025-07-01 21:32:00,5016.0,5018.0,5014.0,5014.0,288,219052
365,2025-07-01 21:33:00,5014.0,5016.0,5014.0,5014.0,147,219044
366,2025-07-01 21:34:00,5014.0,5016.0,5012.0,5014.0,932,219153
367,2025-07-01 21:35:00,5014.0,5016.0,5014.0,5016.0,692,219244
368,2025-07-01 21:36:00,5016.0,5016.0,5014.0,5016.0,383,219293
369,2025-07-01 21:37:00,5016.0,5016.0,5014.0,5016.0,59,219282
370,2025-07-01 21:38:00,5016.0,5016.0,5014.0,5014.0,146,219287
371,2025-07-01 21:39:00,5014.0,5016.0,5012.0,5012.0,676,219300
372,2025-07-01 21:40:00,5012.0,5014.0,5012.0,5012.0,206,219361
373,2025-07-01 21:41:00,5012.0,5016.0,5012.0,5014.0,295,219380
374,2025-07-01 21:42:00,5014.0,5016.0,5014.0,5014.0,190,219368
375,2025-07-01 21:43:00,5016.0,5018.0,5014.0,5018.0,496,219459
376,2025-07-01 21:44:00,5018.0,5018.0,5016.0,5018.0,283,219418
377,2025-07-01 21:45:00,5018.0,5018.0,5016.0,5016.0,230,219341
378,2025-07-01 21:46:00,5018.0,5024.0,5016.0,5024.0,2510,218849
379,2025-07-01 21:47:00,5024.0,5032.0,5024.0,5032.0,4507,217441
380,2025-07-01 21:48:00,5030.0,5032.0,5026.0,5028.0,2103,217184
381,2025-07-01 21:49:00,5030.0,5030.0,5028.0,5030.0,932,217255
382,2025-07-01 21:50:00,5030.0,5034.0,5028.0,5030.0,1847,217063
383,2025-07-01 21:51:00,5032.0,5032.0,5028.0,5030.0,1175,217048
384,2025-07-01 21:52:00,5030.0,5030.0,5026.0,5026.0,1047,217061
385,2025-07-01 21:53:00,5028.0,5030.0,5026.0,5028.0,481,217117
386,2025-07-01 21:54:00,5028.0,5030.0,5028.0,5030.0,555,216915
387,2025-07-01 21:55:00,5030.0,5032.0,5028.0,5030.0,834,216935
388,2025-07-01 21:56:00,5030.0,5030.0,5028.0,5028.0,117,216959
389,2025-07-01 21:57:00,5028.0,5030.0,5028.0,5030.0,167,216936
390,2025-07-01 21:58:00,5030.0,5032.0,5028.0,5030.0,710,217120
391,2025-07-01 21:59:00,5032.0,5032.0,5026.0,5026.0,970,216987
392,2025-07-01 22:00:00,5026.0,5030.0,5026.0,5030.0,543,217143
393,2025-07-01 22:01:00,5028.0,5030.0,5028.0,5028.0,468,217121
394,2025-07-01 22:02:00,5028.0,5030.0,5028.0,5028.0,573,217234
395,2025-07-01 22:03:00,5028.0,5030.0,5026.0,5026.0,414,217260
396,2025-07-01 22:04:00,5026.0,5028.0,5024.0,5026.0,993,217226
397,2025-07-01 22:05:00,5026.0,5026.0,5022.0,5026.0,674,217259
398,2025-07-01 22:06:00,5024.0,5026.0,5020.0,5022.0,1108,217237
399,2025-07-01 22:07:00,5022.0,5026.0,5020.0,5026.0,894,217273
400,2025-07-01 22:08:00,5026.0,5028.0,5024.0,5028.0,548,217225
401,2025-07-01 22:09:00,5028.0,5028.0,5026.0,5026.0,137,217255
402,2025-07-01 22:10:00,5026.0,5030.0,5026.0,5028.0,854,217411
403,2025-07-01 22:11:00,5028.0,5028.0,5026.0,5028.0,126,217384
404,2025-07-01 22:12:00,5028.0,5028.0,5026.0,5028.0,392,217460
405,2025-07-01 22:13:00,5028.0,5030.0,5026.0,5030.0,422,217467
406,2025-07-01 22:14:00,5030.0,5030.0,5026.0,5028.0,170,217544
407,2025-07-01 22:15:00,5028.0,5028.0,5026.0,5028.0,122,217528
408,2025-07-01 22:16:00,5028.0,5028.0,5024.0,5026.0,636,217293
409,2025-07-01 22:17:00,5026.0,5028.0,5024.0,5026.0,198,217310
410,2025-07-01 22:18:00,5026.0,5028.0,5024.0,5026.0,875,217257
411,2025-07-01 22:19:00,5026.0,5028.0,5026.0,5026.0,267,217207
412,2025-07-01 22:20:00,5026.0,5028.0,5026.0,5028.0,85,217188
413,2025-07-01 22:21:00,5028.0,5028.0,5026.0,5028.0,47,217176
414,2025-07-01 22:22:00,5028.0,5030.0,5026.0,5028.0,676,217166
415,2025-07-01 22:23:00,5028.0,5028.0,5026.0,5026.0,609,217112
416,2025-07-01 22:24:00,5026.0,5028.0,5026.0,5026.0,249,217159
417,2025-07-01 22:25:00,5026.0,5028.0,5026.0,5026.0,28,217161
418,2025-07-01 22:26:00,5028.0,5030.0,5026.0,5030.0,123,217049
419,2025-07-01 22:27:00,5030.0,5030.0,5028.0,5028.0,57,217054
420,2025-07-01 22:28:00,5028.0,5030.0,5028.0,5030.0,438,216945
421,2025-07-01 22:29:00,5030.0,5030.0,5028.0,5030.0,149,216905
422,2025-07-01 22:30:00,5028.0,5030.0,5026.0,5026.0,697,216873
423,2025-07-01 22:31:00,5028.0,5028.0,5026.0,5028.0,83,216881
424,2025-07-01 22:32:00,5026.0,5026.0,5024.0,5026.0,650,216959
425,2025-07-01 22:33:00,5026.0,5028.0,5026.0,5026.0,126,216930
426,2025-07-01 22:34:00,5026.0,5028.0,5026.0,5026.0,447,216915
427,2025-07-01 22:35:00,5026.0,5028.0,5024.0,5024.0,320,216911
428,2025-07-01 22:36:00,5024.0,5026.0,5024.0,5024.0,46,216892
429,2025-07-01 22:37:00,5024.0,5026.0,5024.0,5026.0,123,216885
430,2025-07-01 22:38:00,5026.0,5028.0,5024.0,5026.0,382,216704
431,2025-07-01 22:39:00,5026.0,5030.0,5026.0,5026.0,967,216797
432,2025-07-01 22:40:00,5026.0,5030.0,5026.0,5028.0,341,216777
433,2025-07-01 22:41:00,5026.0,5030.0,5026.0,5030.0,288,216632
434,2025-07-01 22:42:00,5030.0,5030.0,5026.0,5028.0,287,216689
435,2025-07-01 22:43:00,5028.0,5028.0,5026.0,5028.0,118,216652
436,2025-07-01 22:44:00,5028.0,5028.0,5024.0,5024.0,923,216602
437,2025-07-01 22:45:00,5024.0,5026.0,5024.0,5024.0,132,216612
438,2025-07-01 22:46:00,5024.0,5028.0,5024.0,5026.0,322,216470
439,2025-07-01 22:47:00,5026.0,5028.0,5024.0,5026.0,169,216483
440,2025-07-01 22:48:00,5026.0,5028.0,5024.0,5028.0,292,216508
441,2025-07-01 22:49:00,5026.0,5028.0,5026.0,5026.0,74,216510
442,2025-07-01 22:50:00,5026.0,5030.0,5026.0,5028.0,915,216395
443,2025-07-01 22:51:00,5028.0,5030.0,5028.0,5028.0,262,216420
444,2025-07-01 22:52:00,5028.0,5030.0,5028.0,5030.0,78,216353
445,2025-07-01 22:53:00,5028.0,5030.0,5026.0,5026.0,324,216322
446,2025-07-01 22:54:00,5026.0,5030.0,5026.0,5028.0,357,216122
447,2025-07-01 22:55:00,5028.0,5028.0,5026.0,5028.0,65,216105
448,2025-07-01 22:56:00,5028.0,5028.0,5026.0,5026.0,216,216104
449,2025-07-01 22:57:00,5026.0,5028.0,5024.0,5026.0,783,215821
450,2025-07-01 22:58:00,5024.0,5026.0,5024.0,5026.0,379,215822
451,2025-07-01 22:59:00,5024.0,5024.0,5022.0,5024.0,800,215558
452,2025-07-01 23:00:00,5024.0,5024.0,5020.0,5022.0,1148,215255
453,2025-07-02 09:01:00,5020.0,5028.0,5018.0,5026.0,1878,215162
454,2025-07-02 09:02:00,5026.0,5028.0,5026.0,5028.0,366,215164
455,2025-07-02 09:03:00,5028.0,5030.0,5026.0,5028.0,657,214984
456,2025-07-02 09:04:00,5026.0,5030.0,5026.0,5026.0,1304,214981
457,2025-07-02 09:05:00,5026.0,5028.0,5024.0,5026.0,755,214907
458,2025-07-02 09:06:00,5026.0,5030.0,5024.0,5030.0,771,214944
459,2025-07-02 09:07:00,5030.0,5030.0,5028.0,5028.0,656,214739
460,2025-07-02 09:08:00,5028.0,5030.0,5024.0,5024.0,648,214773
461,2025-07-02 09:09:00,5024.0,5026.0,5024.0,5026.0,572,214696
462,2025-07-02 09:10:00,5026.0,5028.0,5024.0,5026.0,474,214780
463,2025-07-02 09:11:00,5026.0,5030.0,5024.0,5030.0,1007,214836
464,2025-07-02 09:12:00,5030.0,5030.0,5028.0,5030.0,444,214668
465,2025-07-02 09:13:00,5030.0,5032.0,5028.0,5032.0,287,214598
466,2025-07-02 09:14:00,5032.0,5032.0,5028.0,5030.0,878,214541
467,2025-07-02 09:15:00,5030.0,5032.0,5030.0,5030.0,557,214595
468,2025-07-02 09:16:00,5032.0,5032.0,5030.0,5030.0,747,214623
469,2025-07-02 09:17:00,5030.0,5034.0,5030.0,5034.0,1476,214683
470,2025-07-02 09:18:00,5034.0,5038.0,5034.0,5038.0,1785,214213
471,2025-07-02 09:19:00,5038.0,5038.0,5034.0,5036.0,769,214258
472,2025-07-02 09:20:00,5036.0,5038.0,5034.0,5038.0,1305,213948
473,2025-07-02 09:21:00,5038.0,5040.0,5036.0,5040.0,2039,213790
474,2025-07-02 09:22:00,5038.0,5044.0,5038.0,5042.0,2444,213621
475,2025-07-02 09:23:00,5042.0,5048.0,5040.0,5048.0,2840,213669
476,2025-07-02 09:24:00,5050.0,5050.0,5046.0,5048.0,3148,214047
477,2025-07-02 09:25:00,5048.0,5062.0,5046.0,5060.0,7036,212767
478,2025-07-02 09:26:00,5060.0,5062.0,5052.0,5056.0,3850,212970
479,2025-07-02 09:27:00,5058.0,5060.0,5056.0,5056.0,2563,212532
480,2025-07-02 09:28:00,5056.0,5056.0,5050.0,5052.0,1724,212393
481,2025-07-02 09:29:00,5050.0,5052.0,5048.0,5050.0,878,212106
482,2025-07-02 09:30:00,5050.0,5052.0,5050.0,5052.0,605,212101
483,2025-07-02 09:31:00,5050.0,5056.0,5048.0,5056.0,1969,212249
484,2025-07-02 09:32:00,5056.0,5058.0,5052.0,5054.0,1357,212432
485,2025-07-02 09:33:00,5054.0,5058.0,5054.0,5056.0,1166,212278
486,2025-07-02 09:34:00,5056.0,5060.0,5056.0,5058.0,2385,212176
487,2025-07-02 09:35:00,5058.0,5064.0,5058.0,5060.0,3010,211836
488,2025-07-02 09:36:00,5062.0,5062.0,5058.0,5060.0,1631,212077
489,2025-07-02 09:37:00,5060.0,5064.0,5058.0,5062.0,2370,211763
490,2025-07-02 09:38:00,5064.0,5064.0,5058.0,5058.0,1022,211600
491,2025-07-02 09:39:00,5058.0,5060.0,5056.0,5058.0,424,211480
492,2025-07-02 09:40:00,5060.0,5068.0,5058.0,5062.0,3368,210834
493,2025-07-02 09:41:00,5062.0,5066.0,5062.0,5066.0,1319,210612
494,2025-07-02 09:42:00,5066.0,5066.0,5064.0,5064.0,1556,210611
495,2025-07-02 09:43:00,5062.0,5066.0,5062.0,5066.0,671,210642
496,2025-07-02 09:44:00,5066.0,5066.0,5064.0,5066.0,464,210578
497,2025-07-02 09:45:00,5066.0,5066.0,5062.0,5064.0,1016,210432
498,2025-07-02 09:46:00,5064.0,5066.0,5060.0,5060.0,968,210069
499,2025-07-02 09:47:00,5060.0,5062.0,5060.0,5060.0,792,209937
500,2025-07-02 09:48:00,5060.0,5060.0,5058.0,5058.0,1080,209687
501,2025-07-02 09:49:00,5058.0,5060.0,5058.0,5060.0,694,209395
502,2025-07-02 09:50:00,5060.0,5062.0,5058.0,5060.0,285,209379
503,2025-07-02 09:51:00,5062.0,5062.0,5058.0,5060.0,673,209412
504,2025-07-02 09:52:00,5060.0,5060.0,5058.0,5060.0,353,209310
505,2025-07-02 09:53:00,5060.0,5060.0,5058.0,5060.0,188,209284
506,2025-07-02 09:54:00,5060.0,5062.0,5058.0,5060.0,381,209189
507,2025-07-02 09:55:00,5060.0,5062.0,5060.0,5060.0,149,209143
508,2025-07-02 09:56:00,5060.0,5062.0,5060.0,5062.0,382,209151
509,2025-07-02 09:57:00,5060.0,5062.0,5060.0,5062.0,127,209070
510,2025-07-02 09:58:00,5062.0,5062.0,5058.0,5058.0,550,208979
511,2025-07-02 09:59:00,5060.0,5064.0,5058.0,5062.0,784,209102
512,2025-07-02 10:00:00,5062.0,5068.0,5062.0,5064.0,1364,209074
513,2025-07-02 10:01:00,5066.0,5068.0,5062.0,5066.0,1453,209062
514,2025-07-02 10:02:00,5068.0,5068.0,5062.0,5062.0,803,208916
515,2025-07-02 10:03:00,5062.0,5068.0,5062.0,5068.0,953,209025
516,2025-07-02 10:04:00,5068.0,5068.0,5062.0,5062.0,783,208889
517,2025-07-02 10:05:00,5064.0,5066.0,5058.0,5058.0,1441,208881
518,2025-07-02 10:06:00,5060.0,5060.0,5058.0,5058.0,643,208808
519,2025-07-02 10:07:00,5058.0,5064.0,5058.0,5064.0,830,208798
520,2025-07-02 10:08:00,5064.0,5064.0,5062.0,5062.0,136,208724
521,2025-07-02 10:09:00,5062.0,5064.0,5062.0,5064.0,384,208607
522,2025-07-02 10:10:00,5062.0,5064.0,5062.0,5064.0,117,208650
523,2025-07-02 10:11:00,5064.0,5064.0,5060.0,5062.0,594,208411
524,2025-07-02 10:12:00,5062.0,5064.0,5054.0,5056.0,1271,208245
525,2025-07-02 10:13:00,5056.0,5058.0,5056.0,5058.0,1081,208033
526,2025-07-02 10:14:00,5058.0,5058.0,5054.0,5056.0,476,207953
527,2025-07-02 10:15:00,5056.0,5058.0,5054.0,5056.0,1026,207658
528,2025-07-02 10:31:00,5054.0,5062.0,5054.0,5062.0,1008,207490
529,2025-07-02 10:32:00,5062.0,5062.0,5060.0,5060.0,230,207419
530,2025-07-02 10:33:00,5060.0,5064.0,5060.0,5064.0,402,207297
531,2025-07-02 10:34:00,5064.0,5064.0,5058.0,5060.0,525,207255
532,2025-07-02 10:35:00,5060.0,5062.0,5060.0,5060.0,311,207330
533,2025-07-02 10:36:00,5060.0,5062.0,5058.0,5060.0,589,207308
534,2025-07-02 10:37:00,5060.0,5066.0,5060.0,5064.0,1137,206937
535,2025-07-02 10:38:00,5066.0,5066.0,5062.0,5064.0,632,206910
536,2025-07-02 10:39:00,5064.0,5078.0,5062.0,5074.0,7403,205540
537,2025-07-02 10:40:00,5074.0,5074.0,5070.0,5072.0,955,205393
538,2025-07-02 10:41:00,5072.0,5072.0,5070.0,5070.0,610,205444
539,2025-07-02 10:42:00,5070.0,5072.0,5068.0,5068.0,880,205293
540,2025-07-02 10:43:00,5068.0,5070.0,5068.0,5070.0,590,205294
541,2025-07-02 10:44:00,5070.0,5070.0,5068.0,5068.0,599,205299
542,2025-07-02 10:45:00,5070.0,5070.0,5068.0,5068.0,213,205260
543,2025-07-02 10:46:00,5068.0,5070.0,5068.0,5070.0,310,205208
544,2025-07-02 10:47:00,5068.0,5070.0,5068.0,5070.0,397,205097
545,2025-07-02 10:48:00,5070.0,5070.0,5066.0,5066.0,884,204986
546,2025-07-02 10:49:00,5068.0,5068.0,5064.0,5064.0,530,205033
547,2025-07-02 10:50:00,5066.0,5066.0,5062.0,5064.0,386,204977
548,2025-07-02 10:51:00,5062.0,5064.0,5062.0,5064.0,242,204970
549,2025-07-02 10:52:00,5064.0,5064.0,5062.0,5064.0,812,204889
550,2025-07-02 10:53:00,5064.0,5066.0,5064.0,5066.0,395,204783
551,2025-07-02 10:54:00,5066.0,5066.0,5062.0,5064.0,582,204763
552,2025-07-02 10:55:00,5064.0,5068.0,5064.0,5068.0,252,204775
553,2025-07-02 10:56:00,5068.0,5068.0,5066.0,5068.0,314,204691
554,2025-07-02 10:57:00,5066.0,5068.0,5062.0,5064.0,505,204664
555,2025-07-02 10:58:00,5064.0,5068.0,5064.0,5064.0,419,204633
556,2025-07-02 10:59:00,5064.0,5066.0,5062.0,5064.0,262,204613
557,2025-07-02 11:00:00,5064.0,5066.0,5064.0,5064.0,289,204544
558,2025-07-02 11:01:00,5066.0,5068.0,5064.0,5066.0,707,204484
559,2025-07-02 11:02:00,5066.0,5066.0,5064.0,5066.0,384,204502
560,2025-07-02 11:03:00,5066.0,5066.0,5062.0,5064.0,321,204479
561,2025-07-02 11:04:00,5064.0,5066.0,5062.0,5062.0,740,204586
562,2025-07-02 11:05:00,5064.0,5064.0,5062.0,5064.0,304,204617
563,2025-07-02 11:06:00,5066.0,5070.0,5066.0,5068.0,965,204653
564,2025-07-02 11:07:00,5068.0,5070.0,5066.0,5068.0,918,204423
565,2025-07-02 11:08:00,5068.0,5074.0,5066.0,5070.0,1537,203823
566,2025-07-02 11:09:00,5072.0,5072.0,5068.0,5070.0,671,203749
567,2025-07-02 11:10:00,5070.0,5072.0,5066.0,5066.0,689,203600
568,2025-07-02 11:11:00,5068.0,5070.0,5066.0,5068.0,807,203349
569,2025-07-02 11:12:00,5066.0,5070.0,5066.0,5068.0,580,203267
570,2025-07-02 11:13:00,5066.0,5070.0,5066.0,5068.0,254,203157
571,2025-07-02 11:14:00,5068.0,5072.0,5068.0,5072.0,528,203039
572,2025-07-02 11:15:00,5072.0,5072.0,5070.0,5070.0,245,202996
573,2025-07-02 11:16:00,5072.0,5072.0,5068.0,5070.0,895,202902
574,2025-07-02 11:17:00,5070.0,5072.0,5068.0,5068.0,398,202931
575,2025-07-02 11:18:00,5068.0,5070.0,5064.0,5064.0,1045,203188
576,2025-07-02 11:19:00,5064.0,5072.0,5064.0,5070.0,1387,203119
577,2025-07-02 11:20:00,5070.0,5074.0,5070.0,5074.0,690,203008
578,2025-07-02 11:21:00,5072.0,5072.0,5070.0,5070.0,585,202943
579,2025-07-02 11:22:00,5070.0,5072.0,5070.0,5070.0,631,202858
580,2025-07-02 11:23:00,5070.0,5072.0,5068.0,5068.0,154,202865
581,2025-07-02 11:24:00,5068.0,5070.0,5068.0,5068.0,116,202816
582,2025-07-02 11:25:00,5068.0,5070.0,5068.0,5070.0,145,202765
583,2025-07-02 11:26:00,5070.0,5070.0,5068.0,5068.0,160,202699
584,2025-07-02 11:27:00,5068.0,5070.0,5068.0,5068.0,233,202685
585,2025-07-02 11:28:00,5068.0,5070.0,5068.0,5068.0,110,202684
586,2025-07-02 11:29:00,5068.0,5070.0,5068.0,5070.0,89,202688
587,2025-07-02 11:30:00,5070.0,5070.0,5066.0,5068.0,604,202469
588,2025-07-02 13:31:00,5070.0,5074.0,5068.0,5072.0,1989,202434
589,2025-07-02 13:32:00,5074.0,5074.0,5070.0,5072.0,633,202232
590,2025-07-02 13:33:00,5072.0,5072.0,5068.0,5070.0,967,201988
591,2025-07-02 13:34:00,5072.0,5072.0,5070.0,5070.0,305,201944
592,2025-07-02 13:35:00,5070.0,5072.0,5070.0,5072.0,376,201890
593,2025-07-02 13:36:00,5072.0,5080.0,5070.0,5078.0,2719,201142
594,2025-07-02 13:37:00,5076.0,5080.0,5076.0,5078.0,1110,201069
595,2025-07-02 13:38:00,5080.0,5080.0,5078.0,5078.0,558,200987
596,2025-07-02 13:39:00,5078.0,5086.0,5078.0,5082.0,2053,200738
597,2025-07-02 13:40:00,5084.0,5090.0,5082.0,5088.0,3748,199768
598,2025-07-02 13:41:00,5088.0,5090.0,5086.0,5088.0,1748,199872
599,2025-07-02 13:42:00,5086.0,5088.0,5084.0,5084.0,941,199632
600,2025-07-02 13:43:00,5084.0,5084.0,5080.0,5082.0,1094,199417
601,2025-07-02 13:44:00,5080.0,5082.0,5080.0,5082.0,624,199362
602,2025-07-02 13:45:00,5080.0,5082.0,5078.0,5080.0,1070,199136
603,2025-07-02 13:46:00,5080.0,5082.0,5080.0,5080.0,730,199027
604,2025-07-02 13:47:00,5082.0,5082.0,5076.0,5080.0,1486,198983
605,2025-07-02 13:48:00,5080.0,5080.0,5076.0,5078.0,1023,198738
606,2025-07-02 13:49:00,5078.0,5080.0,5078.0,5080.0,684,198724
607,2025-07-02 13:50:00,5080.0,5080.0,5076.0,5078.0,763,198605
608,2025-07-02 13:51:00,5078.0,5082.0,5078.0,5078.0,996,198576
609,2025-07-02 13:52:00,5080.0,5084.0,5080.0,5082.0,883,198583
610,2025-07-02 13:53:00,5082.0,5084.0,5082.0,5082.0,226,198611
611,2025-07-02 13:54:00,5082.0,5084.0,5080.0,5080.0,407,198515
612,2025-07-02 13:55:00,5080.0,5084.0,5080.0,5084.0,439,198543
613,2025-07-02 13:56:00,5082.0,5084.0,5080.0,5082.0,815,198623
614,2025-07-02 13:57:00,5082.0,5086.0,5080.0,5084.0,785,198490
615,2025-07-02 13:58:00,5084.0,5086.0,5082.0,5086.0,760,198694
616,2025-07-02 13:59:00,5086.0,5086.0,5084.0,5086.0,404,198513
617,2025-07-02 14:00:00,5084.0,5086.0,5082.0,5082.0,456,198463
618,2025-07-02 14:01:00,5084.0,5084.0,5082.0,5082.0,1386,198551
619,2025-07-02 14:02:00,5082.0,5084.0,5078.0,5084.0,917,198543
620,2025-07-02 14:03:00,5084.0,5084.0,5080.0,5080.0,458,198522
621,2025-07-02 14:04:00,5080.0,5082.0,5078.0,5080.0,651,198504
622,2025-07-02 14:05:00,5080.0,5080.0,5078.0,5080.0,605,198440
623,2025-07-02 14:06:00,5080.0,5084.0,5080.0,5084.0,988,198427
624,2025-07-02 14:07:00,5084.0,5084.0,5082.0,5084.0,360,198351
625,2025-07-02 14:08:00,5082.0,5084.0,5082.0,5084.0,191,198345
626,2025-07-02 14:09:00,5082.0,5084.0,5078.0,5078.0,948,198368
627,2025-07-02 14:10:00,5078.0,5082.0,5078.0,5080.0,864,198371
628,2025-07-02 14:11:00,5082.0,5084.0,5080.0,5084.0,441,198249
629,2025-07-02 14:12:00,5084.0,5084.0,5080.0,5080.0,483,198075
630,2025-07-02 14:13:00,5080.0,5082.0,5080.0,5080.0,155,198098
631,2025-07-02 14:14:00,5080.0,5082.0,5080.0,5080.0,89,198057
632,2025-07-02 14:15:00,5082.0,5082.0,5080.0,5080.0,120,198037
633,2025-07-02 14:16:00,5080.0,5082.0,5078.0,5078.0,411,197985
634,2025-07-02 14:17:00,5078.0,5080.0,5072.0,5072.0,1894,197354
635,2025-07-02 14:18:00,5072.0,5074.0,5070.0,5070.0,1901,197069
636,2025-07-02 14:19:00,5070.0,5072.0,5066.0,5066.0,2304,197051
637,2025-07-02 14:20:00,5066.0,5068.0,5062.0,5066.0,2125,197179
638,2025-07-02 14:21:00,5068.0,5072.0,5066.0,5070.0,1186,197012
639,2025-07-02 14:22:00,5070.0,5074.0,5070.0,5072.0,657,196915
640,2025-07-02 14:23:00,5072.0,5072.0,5070.0,5072.0,153,196943
641,2025-07-02 14:24:00,5072.0,5074.0,5070.0,5072.0,545,196958
642,2025-07-02 14:25:00,5074.0,5074.0,5072.0,5072.0,154,196950
643,2025-07-02 14:26:00,5072.0,5076.0,5072.0,5074.0,908,197016
644,2025-07-02 14:27:00,5072.0,5074.0,5072.0,5072.0,104,196997
645,2025-07-02 14:28:00,5074.0,5074.0,5072.0,5074.0,475,196965
646,2025-07-02 14:29:00,5074.0,5074.0,5072.0,5072.0,79,197002
647,2025-07-02 14:30:00,5072.0,5076.0,5072.0,5074.0,262,196973
648,2025-07-02 14:31:00,5074.0,5076.0,5074.0,5074.0,152,196951
649,2025-07-02 14:32:00,5074.0,5076.0,5074.0,5076.0,617,197027
650,2025-07-02 14:33:00,5076.0,5076.0,5072.0,5076.0,420,196952
651,2025-07-02 14:34:00,5076.0,5076.0,5074.0,5076.0,222,196842
652,2025-07-02 14:35:00,5074.0,5076.0,5072.0,5076.0,386,196684
653,2025-07-02 14:36:00,5076.0,5078.0,5074.0,5076.0,608,196637
654,2025-07-02 14:37:00,5076.0,5078.0,5074.0,5076.0,229,196595
655,2025-07-02 14:38:00,5076.0,5080.0,5076.0,5078.0,717,196524
656,2025-07-02 14:39:00,5078.0,5078.0,5076.0,5078.0,448,196540
657,2025-07-02 14:40:00,5078.0,5078.0,5076.0,5078.0,416,196493
658,2025-07-02 14:41:00,5076.0,5078.0,5076.0,5076.0,145,196475
659,2025-07-02 14:42:00,5076.0,5078.0,5076.0,5076.0,149,196502
660,2025-07-02 14:43:00,5076.0,5078.0,5074.0,5076.0,808,196627
661,2025-07-02 14:44:00,5076.0,5078.0,5074.0,5074.0,206,196668
662,2025-07-02 14:45:00,5076.0,5076.0,5074.0,5076.0,211,196676
663,2025-07-02 14:46:00,5074.0,5076.0,5074.0,5074.0,903,196920
664,2025-07-02 14:47:00,5074.0,5076.0,5072.0,5074.0,914,196667
665,2025-07-02 14:48:00,5074.0,5076.0,5072.0,5074.0,454,196579
666,2025-07-02 14:49:00,5072.0,5076.0,5072.0,5072.0,436,196477
667,2025-07-02 14:50:00,5072.0,5076.0,5072.0,5074.0,288,196444
668,2025-07-02 14:51:00,5074.0,5076.0,5074.0,5076.0,332,196498
669,2025-07-02 14:52:00,5074.0,5074.0,5072.0,5072.0,302,196500
670,2025-07-02 14:53:00,5072.0,5074.0,5072.0,5074.0,332,196536
671,2025-07-02 14:54:00,5074.0,5074.0,5072.0,5072.0,182,196555
672,2025-07-02 14:55:00,5072.0,5076.0,5072.0,5076.0,800,196250
673,2025-07-02 14:56:00,5076.0,5076.0,5072.0,5072.0,465,196257
674,2025-07-02 14:57:00,5072.0,5074.0,5072.0,5074.0,212,196152
675,2025-07-02 14:58:00,5072.0,5074.0,5072.0,5072.0,286,196103
676,2025-07-02 14:59:00,5072.0,5074.0,5070.0,5072.0,1318,195638
677,2025-07-02 15:00:00,5072.0,5072.0,5070.0,5072.0,275,195464
678,2025-07-02 21:01:00,5072.0,5088.0,5072.0,5086.0,5692,195065
679,2025-07-02 21:02:00,5086.0,5086.0,5078.0,5080.0,3071,195440
680,2025-07-02 21:03:00,5082.0,5082.0,5076.0,5076.0,2057,195684
681,2025-07-02 21:04:00,5078.0,5080.0,5076.0,5078.0,1355,195612
682,2025-07-02 21:05:00,5078.0,5078.0,5076.0,5076.0,428,195710
683,2025-07-02 21:06:00,5076.0,5078.0,5072.0,5074.0,2236,196382
684,2025-07-02 21:07:00,5074.0,5074.0,5072.0,5074.0,1148,196381
685,2025-07-02 21:08:00,5074.0,5074.0,5066.0,5066.0,2894,197061
686,2025-07-02 21:09:00,5068.0,5068.0,5064.0,5064.0,2436,197134
687,2025-07-02 21:10:00,5064.0,5064.0,5062.0,5062.0,1569,197166
688,2025-07-02 21:11:00,5062.0,5066.0,5062.0,5064.0,2452,197510
689,2025-07-02 21:12:00,5062.0,5064.0,5060.0,5060.0,2930,197939
690,2025-07-02 21:13:00,5060.0,5066.0,5060.0,5064.0,1311,197957
691,2025-07-02 21:14:00,5064.0,5066.0,5062.0,5064.0,946,198029
692,2025-07-02 21:15:00,5064.0,5064.0,5062.0,5062.0,739,198164
693,2025-07-02 21:16:00,5062.0,5066.0,5062.0,5066.0,428,198229
694,2025-07-02 21:17:00,5066.0,5066.0,5064.0,5064.0,399,198144
695,2025-07-02 21:18:00,5064.0,5072.0,5064.0,5072.0,2203,197727
696,2025-07-02 21:19:00,5072.0,5072.0,5068.0,5070.0,976,197490
697,2025-07-02 21:20:00,5070.0,5074.0,5068.0,5074.0,1170,197604
698,2025-07-02 21:21:00,5074.0,5074.0,5072.0,5074.0,287,197642
699,2025-07-02 21:22:00,5074.0,5074.0,5072.0,5074.0,321,197668
700,2025-07-02 21:23:00,5072.0,5076.0,5070.0,5076.0,1336,197950
701,2025-07-02 21:24:00,5074.0,5076.0,5072.0,5074.0,602,197913
702,2025-07-02 21:25:00,5074.0,5076.0,5072.0,5074.0,386,197954
703,2025-07-02 21:26:00,5076.0,5076.0,5072.0,5072.0,858,198030
704,2025-07-02 21:27:00,5072.0,5074.0,5072.0,5074.0,190,198067
705,2025-07-02 21:28:00,5074.0,5074.0,5072.0,5074.0,101,198065
706,2025-07-02 21:29:00,5072.0,5074.0,5072.0,5072.0,219,198148
707,2025-07-02 21:30:00,5074.0,5074.0,5072.0,5072.0,356,198228
708,2025-07-02 21:31:00,5074.0,5074.0,5070.0,5072.0,418,198277
709,2025-07-02 21:32:00,5072.0,5074.0,5068.0,5068.0,1146,198398
710,2025-07-02 21:33:00,5068.0,5072.0,5068.0,5072.0,339,198322
711,2025-07-02 21:34:00,5072.0,5072.0,5070.0,5070.0,234,198244
712,2025-07-02 21:35:00,5072.0,5072.0,5070.0,5072.0,70,198254
713,2025-07-02 21:36:00,5072.0,5074.0,5070.0,5074.0,679,198331
714,2025-07-02 21:37:00,5074.0,5076.0,5072.0,5076.0,374,198295
715,2025-07-02 21:38:00,5076.0,5076.0,5072.0,5074.0,500,198293
716,2025-07-02 21:39:00,5074.0,5076.0,5072.0,5072.0,555,198372
717,2025-07-02 21:40:00,5074.0,5076.0,5072.0,5074.0,953,198639
718,2025-07-02 21:41:00,5076.0,5078.0,5074.0,5078.0,1042,198491
719,2025-07-02 21:42:00,5078.0,5078.0,5076.0,5078.0,338,198602
720,2025-07-02 21:43:00,5078.0,5080.0,5076.0,5078.0,1088,198679
721,2025-07-02 21:44:00,5078.0,5080.0,5076.0,5078.0,399,198878
722,2025-07-02 21:45:00,5080.0,5080.0,5076.0,5078.0,563,199076
723,2025-07-02 21:46:00,5078.0,5080.0,5078.0,5078.0,622,199058
724,2025-07-02 21:47:00,5078.0,5080.0,5076.0,5080.0,684,199126
725,2025-07-02 21:48:00,5080.0,5080.0,5076.0,5078.0,279,199151
726,2025-07-02 21:49:00,5076.0,5080.0,5076.0,5078.0,345,199190
727,2025-07-02 21:50:00,5080.0,5080.0,5076.0,5078.0,569,199182
728,2025-07-02 21:51:00,5078.0,5080.0,5076.0,5078.0,446,199213
729,2025-07-02 21:52:00,5078.0,5080.0,5078.0,5080.0,527,199288
730,2025-07-02 21:53:00,5080.0,5080.0,5076.0,5080.0,562,199320
731,2025-07-02 21:54:00,5080.0,5080.0,5076.0,5076.0,228,199354
732,2025-07-02 21:55:00,5078.0,5078.0,5076.0,5078.0,79,199346
733,2025-07-02 21:56:00,5078.0,5080.0,5076.0,5080.0,608,199229
734,2025-07-02 21:57:00,5078.0,5080.0,5078.0,5078.0,317,199165
735,2025-07-02 21:58:00,5078.0,5080.0,5078.0,5078.0,481,199167
736,2025-07-02 21:59:00,5080.0,5080.0,5078.0,5080.0,714,199362
737,2025-07-02 22:00:00,5080.0,5080.0,5078.0,5078.0,148,199360
738,2025-07-02 22:01:00,5078.0,5080.0,5076.0,5078.0,889,199297
739,2025-07-02 22:02:00,5078.0,5078.0,5076.0,5078.0,89,199314
740,2025-07-02 22:03:00,5076.0,5078.0,5076.0,5078.0,65,199294
741,2025-07-02 22:04:00,5078.0,5080.0,5076.0,5080.0,929,199366
742,2025-07-02 22:05:00,5080.0,5080.0,5078.0,5080.0,93,199353
743,2025-07-02 22:06:00,5080.0,5080.0,5078.0,5078.0,387,199227
744,2025-07-02 22:07:00,5078.0,5080.0,5078.0,5080.0,918,199348
745,2025-07-02 22:08:00,5080.0,5080.0,5078.0,5080.0,60,199363
746,2025-07-02 22:09:00,5080.0,5080.0,5078.0,5078.0,808,199168
747,2025-07-02 22:10:00,5078.0,5080.0,5078.0,5080.0,137,199106
748,2025-07-02 22:11:00,5080.0,5080.0,5078.0,5078.0,77,199063
749,2025-07-02 22:12:00,5080.0,5082.0,5078.0,5082.0,1093,198815
750,2025-07-02 22:13:00,5082.0,5088.0,5082.0,5088.0,2160,198680
751,2025-07-02 22:14:00,5088.0,5088.0,5084.0,5088.0,1451,198719
752,2025-07-02 22:15:00,5088.0,5088.0,5086.0,5086.0,574,198651
753,2025-07-02 22:16:00,5088.0,5088.0,5086.0,5088.0,1287,198973
754,2025-07-02 22:17:00,5088.0,5098.0,5088.0,5098.0,4542,198156
755,2025-07-02 22:18:00,5098.0,5098.0,5092.0,5094.0,1195,198053
756,2025-07-02 22:19:00,5094.0,5094.0,5088.0,5090.0,1685,198353
757,2025-07-02 22:20:00,5088.0,5090.0,5088.0,5088.0,362,198326
758,2025-07-02 22:21:00,5088.0,5094.0,5088.0,5094.0,1798,197874
759,2025-07-02 22:22:00,5094.0,5094.0,5092.0,5092.0,366,197846
760,2025-07-02 22:23:00,5094.0,5094.0,5092.0,5092.0,278,197828
761,2025-07-02 22:24:00,5092.0,5094.0,5092.0,5092.0,279,197764
762,2025-07-02 22:25:00,5092.0,5094.0,5090.0,5090.0,1315,197638
763,2025-07-02 22:26:00,5090.0,5092.0,5090.0,5090.0,744,197351
764,2025-07-02 22:27:00,5092.0,5092.0,5090.0,5092.0,238,197311
765,2025-07-02 22:28:00,5092.0,5094.0,5090.0,5092.0,389,197134
766,2025-07-02 22:29:00,5094.0,5094.0,5092.0,5094.0,620,196863
767,2025-07-02 22:30:00,5092.0,5094.0,5092.0,5094.0,250,196782
768,2025-07-02 22:31:00,5094.0,5094.0,5090.0,5092.0,1007,196623
769,2025-07-02 22:32:00,5092.0,5092.0,5088.0,5090.0,1035,196618
770,2025-07-02 22:33:00,5090.0,5092.0,5090.0,5090.0,106,196605
771,2025-07-02 22:34:00,5092.0,5094.0,5090.0,5092.0,833,196377
772,2025-07-02 22:35:00,5092.0,5092.0,5090.0,5090.0,205,196308
773,2025-07-02 22:36:00,5090.0,5092.0,5090.0,5092.0,232,196275
774,2025-07-02 22:37:00,5092.0,5092.0,5090.0,5090.0,177,196230
775,2025-07-02 22:38:00,5090.0,5092.0,5088.0,5088.0,697,196241
776,2025-07-02 22:39:00,5088.0,5090.0,5086.0,5086.0,1134,196039
777,2025-07-02 22:40:00,5086.0,5088.0,5084.0,5086.0,482,195848
778,2025-07-02 22:41:00,5086.0,5088.0,5084.0,5086.0,617,195702
779,2025-07-02 22:42:00,5086.0,5086.0,5084.0,5086.0,757,195788
780,2025-07-02 22:43:00,5086.0,5088.0,5084.0,5084.0,273,195741
781,2025-07-02 22:44:00,5084.0,5086.0,5084.0,5084.0,362,195638
782,2025-07-02 22:45:00,5084.0,5086.0,5084.0,5086.0,569,195645
783,2025-07-02 22:46:00,5088.0,5088.0,5084.0,5086.0,477,195605
784,2025-07-02 22:47:00,5084.0,5086.0,5084.0,5084.0,109,195614
785,2025-07-02 22:48:00,5086.0,5088.0,5084.0,5086.0,355,195676
786,2025-07-02 22:49:00,5086.0,5088.0,5084.0,5086.0,461,195837
787,2025-07-02 22:50:00,5086.0,5086.0,5084.0,5084.0,71,195826
788,2025-07-02 22:51:00,5084.0,5086.0,5082.0,5084.0,868,195685
789,2025-07-02 22:52:00,5084.0,5084.0,5082.0,5084.0,138,195628
790,2025-07-02 22:53:00,5084.0,5084.0,5082.0,5082.0,135,195578
791,2025-07-02 22:54:00,5082.0,5088.0,5082.0,5086.0,936,195204
792,2025-07-02 22:55:00,5086.0,5088.0,5086.0,5086.0,118,195223
793,2025-07-02 22:56:00,5086.0,5088.0,5084.0,5086.0,500,194996
794,2025-07-02 22:57:00,5086.0,5086.0,5082.0,5084.0,804,195003
795,2025-07-02 22:58:00,5084.0,5086.0,5084.0,5084.0,211,194871
796,2025-07-02 22:59:00,5084.0,5086.0,5084.0,5086.0,431,194719
797,2025-07-02 23:00:00,5086.0,5088.0,5084.0,5088.0,867,194065
798,2025-07-03 09:01:00,5088.0,5096.0,5086.0,5086.0,2546,193855
799,2025-07-03 09:02:00,5086.0,5086.0,5082.0,5082.0,1306,193700
800,2025-07-03 09:03:00,5082.0,5084.0,5082.0,5082.0,1066,193426
801,2025-07-03 09:04:00,5082.0,5088.0,5082.0,5088.0,902,193343
802,2025-07-03 09:05:00,5088.0,5088.0,5086.0,5086.0,714,193476
803,2025-07-03 09:06:00,5086.0,5088.0,5084.0,5086.0,533,193347
804,2025-07-03 09:07:00,5088.0,5088.0,5084.0,5084.0,508,193238
805,2025-07-03 09:08:00,5084.0,5086.0,5084.0,5084.0,325,193075
806,2025-07-03 09:09:00,5084.0,5084.0,5080.0,5082.0,1405,192909
807,2025-07-03 09:10:00,5082.0,5084.0,5082.0,5082.0,919,192716
808,2025-07-03 09:11:00,5084.0,5084.0,5080.0,5080.0,458,192633
809,2025-07-03 09:12:00,5082.0,5082.0,5080.0,5082.0,400,192522
810,2025-07-03 09:13:00,5080.0,5082.0,5078.0,5078.0,1109,192384
811,2025-07-03 09:14:00,5078.0,5082.0,5078.0,5078.0,769,192504
812,2025-07-03 09:15:00,5078.0,5080.0,5078.0,5078.0,240,192538
813,2025-07-03 09:16:00,5080.0,5082.0,5078.0,5082.0,710,192633
814,2025-07-03 09:17:00,5082.0,5082.0,5080.0,5082.0,95,192663
815,2025-07-03 09:18:00,5082.0,5082.0,5080.0,5080.0,161,192660
816,2025-07-03 09:19:00,5082.0,5082.0,5080.0,5082.0,128,192609
817,2025-07-03 09:20:00,5080.0,5084.0,5080.0,5084.0,674,192594
818,2025-07-03 09:21:00,5084.0,5084.0,5080.0,5082.0,801,192565
819,2025-07-03 09:22:00,5082.0,5082.0,5078.0,5080.0,914,192543
820,2025-07-03 09:23:00,5080.0,5080.0,5078.0,5078.0,341,192439
821,2025-07-03 09:24:00,5078.0,5080.0,5074.0,5074.0,1405,192486
822,2025-07-03 09:25:00,5074.0,5078.0,5074.0,5074.0,553,192332
823,2025-07-03 09:26:00,5074.0,5076.0,5074.0,5074.0,611,192265
824,2025-07-03 09:27:00,5074.0,5076.0,5074.0,5076.0,228,192240
825,2025-07-03 09:28:00,5076.0,5076.0,5074.0,5074.0,540,192277
826,2025-07-03 09:29:00,5076.0,5078.0,5074.0,5076.0,476,192377
827,2025-07-03 09:30:00,5076.0,5078.0,5074.0,5076.0,336,192414
828,2025-07-03 09:31:00,5076.0,5078.0,5074.0,5074.0,246,192414
829,2025-07-03 09:32:00,5074.0,5078.0,5074.0,5076.0,714,192478
830,2025-07-03 09:33:00,5074.0,5076.0,5074.0,5074.0,160,192483
831,2025-07-03 09:34:00,5074.0,5076.0,5072.0,5074.0,1451,192237
832,2025-07-03 09:35:00,5072.0,5074.0,5072.0,5074.0,242,192270
833,2025-07-03 09:36:00,5074.0,5076.0,5072.0,5074.0,473,192083
834,2025-07-03 09:37:00,5072.0,5076.0,5072.0,5076.0,165,192078
835,2025-07-03 09:38:00,5076.0,5076.0,5074.0,5074.0,781,192042
836,2025-07-03 09:39:00,5074.0,5076.0,5072.0,5076.0,586,192049
837,2025-07-03 09:40:00,5076.0,5076.0,5074.0,5076.0,98,192013
838,2025-07-03 09:41:00,5074.0,5076.0,5072.0,5072.0,210,192017
839,2025-07-03 09:42:00,5072.0,5074.0,5072.0,5074.0,588,191972
840,2025-07-03 09:43:00,5074.0,5074.0,5070.0,5070.0,1531,192179
841,2025-07-03 09:44:00,5070.0,5072.0,5070.0,5070.0,179,192186
842,2025-07-03 09:45:00,5070.0,5076.0,5070.0,5076.0,642,192047
843,2025-07-03 09:46:00,5076.0,5076.0,5072.0,5076.0,552,192073
844,2025-07-03 09:47:00,5076.0,5078.0,5074.0,5076.0,1149,191920
845,2025-07-03 09:48:00,5076.0,5080.0,5076.0,5080.0,657,192035
846,2025-07-03 09:49:00,5078.0,5080.0,5078.0,5080.0,106,192092
847,2025-07-03 09:50:00,5080.0,5080.0,5078.0,5080.0,671,191953
848,2025-07-03 09:51:00,5080.0,5082.0,5080.0,5080.0,603,192046
849,2025-07-03 09:52:00,5080.0,5082.0,5078.0,5080.0,380,192165
850,2025-07-03 09:53:00,5080.0,5080.0,5076.0,5076.0,5,192464
851,2025-07-03 09:54:00,5076.0,5078.0,5076.0,5078.0,102,192508
852,2025-07-03 09:55:00,5078.0,5078.0,5076.0,5078.0,266,192455
853,2025-07-03 09:56:00,5078.0,5078.0,5072.0,5074.0,601,192352
854,2025-07-03 09:57:00,5074.0,5074.0,5072.0,5072.0,192,192352
855,2025-07-03 09:58:00,5072.0,5074.0,5070.0,5072.0,1076,192465
856,2025-07-03 09:59:00,5072.0,5074.0,5072.0,5072.0,143,192437
857,2025-07-03 10:00:00,5072.0,5076.0,5072.0,5076.0,560,192387
858,2025-07-03 10:01:00,5072.0,5074.0,5072.0,5074.0,383,192437
859,2025-07-03 10:02:00,5074.0,5078.0,5072.0,5076.0,319,192471
860,2025-07-03 10:03:00,5078.0,5078.0,5076.0,5078.0,109,192426
861,2025-07-03 10:04:00,5076.0,5078.0,5076.0,5078.0,437,192459
862,2025-07-03 10:05:00,5078.0,5078.0,5076.0,5078.0,321,192509
863,2025-07-03 10:06:00,5078.0,5078.0,5076.0,5078.0,76,192490
864,2025-07-03 10:07:00,5078.0,5078.0,5076.0,5076.0,162,192472
865,2025-07-03 10:08:00,5076.0,5076.0,5074.0,5076.0,257,192604
866,2025-07-03 10:09:00,5076.0,5076.0,5074.0,5074.0,61,192622
867,2025-07-03 10:10:00,5074.0,5078.0,5074.0,5078.0,502,192521
868,2025-07-03 10:11:00,5078.0,5078.0,5074.0,5076.0,334,192534
869,2025-07-03 10:12:00,5076.0,5078.0,5074.0,5076.0,174,192505
870,2025-07-03 10:13:00,5076.0,5076.0,5074.0,5076.0,90,192507
871,2025-07-03 10:14:00,5076.0,5076.0,5074.0,5076.0,135,192518
872,2025-07-03 10:15:00,5076.0,5078.0,5074.0,5076.0,200,192482
873,2025-07-03 10:31:00,5074.0,5078.0,5074.0,5078.0,233,192383
874,2025-07-03 10:32:00,5078.0,5080.0,5076.0,5078.0,339,192346
875,2025-07-03 10:33:00,5078.0,5078.0,5076.0,5076.0,80,192335
876,2025-07-03 10:34:00,5078.0,5078.0,5076.0,5076.0,118,192332
877,2025-07-03 10:35:00,5076.0,5078.0,5076.0,5078.0,78,192334
878,2025-07-03 10:36:00,5076.0,5078.0,5074.0,5078.0,535,192262
879,2025-07-03 10:37:00,5078.0,5080.0,5076.0,5078.0,236,192244
880,2025-07-03 10:38:00,5080.0,5080.0,5078.0,5078.0,340,192274
881,2025-07-03 10:39:00,5078.0,5078.0,5076.0,5076.0,340,192347
882,2025-07-03 10:40:00,5076.0,5078.0,5076.0,5078.0,53,192332
883,2025-07-03 10:41:00,5078.0,5078.0,5076.0,5076.0,233,192267
884,2025-07-03 10:42:00,5076.0,5078.0,5074.0,5074.0,214,192315
885,2025-07-03 10:43:00,5074.0,5078.0,5074.0,5076.0,200,192233
886,2025-07-03 10:44:00,5076.0,5078.0,5076.0,5076.0,73,192221
887,2025-07-03 10:45:00,5076.0,5078.0,5076.0,5076.0,72,192212
888,2025-07-03 10:46:00,5076.0,5080.0,5076.0,5078.0,451,192267
889,2025-07-03 10:47:00,5078.0,5078.0,5076.0,5076.0,368,192381
890,2025-07-03 10:48:00,5076.0,5078.0,5076.0,5078.0,61,192407
891,2025-07-03 10:49:00,5078.0,5078.0,5076.0,5076.0,50,192395
892,2025-07-03 10:50:00,5076.0,5078.0,5076.0,5078.0,131,192414
893,2025-07-03 10:51:00,5078.0,5078.0,5076.0,5078.0,67,192428
894,2025-07-03 10:52:00,5078.0,5078.0,5074.0,5074.0,196,192463
895,2025-07-03 10:53:00,5074.0,5076.0,5072.0,5072.0,668,192657
896,2025-07-03 10:54:00,5074.0,5074.0,5072.0,5074.0,704,193011
897,2025-07-03 10:55:00,5074.0,5074.0,5072.0,5072.0,276,193043
898,2025-07-03 10:56:00,5072.0,5074.0,5072.0,5072.0,109,193008
899,2025-07-03 10:57:00,5072.0,5076.0,5072.0,5074.0,524,193039
900,2025-07-03 10:58:00,5074.0,5076.0,5074.0,5076.0,48,193063
901,2025-07-03 10:59:00,5076.0,5076.0,5072.0,5072.0,176,193077
902,2025-07-03 11:00:00,5072.0,5074.0,5072.0,5074.0,161,193123
903,2025-07-03 11:01:00,5072.0,5076.0,5072.0,5076.0,350,192972
904,2025-07-03 11:02:00,5076.0,5076.0,5074.0,5074.0,33,192977
905,2025-07-03 11:03:00,5074.0,5078.0,5074.0,5078.0,308,193058
906,2025-07-03 11:04:00,5078.0,5078.0,5076.0,5076.0,37,193069
907,2025-07-03 11:05:00,5078.0,5080.0,5076.0,5080.0,297,193125
908,2025-07-03 11:06:00,5080.0,5080.0,5076.0,5078.0,847,193313
909,2025-07-03 11:07:00,5078.0,5078.0,5074.0,5074.0,280,193408
910,2025-07-03 11:08:00,5074.0,5078.0,5074.0,5076.0,214,193546
911,2025-07-03 11:09:00,5076.0,5078.0,5074.0,5078.0,355,193567
912,2025-07-03 11:10:00,5078.0,5078.0,5076.0,5078.0,68,193547
913,2025-07-03 11:11:00,5078.0,5078.0,5076.0,5076.0,42,193555
914,2025-07-03 11:12:00,5076.0,5080.0,5076.0,5080.0,301,193503
915,2025-07-03 11:13:00,5080.0,5080.0,5076.0,5080.0,409,193354
916,2025-07-03 11:14:00,5080.0,5080.0,5078.0,5078.0,111,193345
917,2025-07-03 11:15:00,5078.0,5080.0,5078.0,5080.0,564,193501
918,2025-07-03 11:16:00,5080.0,5082.0,5078.0,5078.0,564,193512
919,2025-07-03 11:17:00,5078.0,5080.0,5076.0,5078.0,528,193426
920,2025-07-03 11:18:00,5078.0,5078.0,5076.0,5076.0,338,193450
921,2025-07-03 11:19:00,5076.0,5078.0,5076.0,5076.0,181,193444
922,2025-07-03 11:20:00,5076.0,5078.0,5076.0,5076.0,453,193260
923,2025-07-03 11:21:00,5076.0,5078.0,5076.0,5076.0,143,193318
924,2025-07-03 11:22:00,5076.0,5080.0,5076.0,5080.0,320,193307
925,2025-07-03 11:23:00,5080.0,5080.0,5078.0,5080.0,213,193237
926,2025-07-03 11:24:00,5078.0,5080.0,5078.0,5078.0,116,193232
927,2025-07-03 11:25:00,5080.0,5082.0,5080.0,5082.0,467,193244
928,2025-07-03 11:26:00,5082.0,5086.0,5080.0,5086.0,921,192936
929,2025-07-03 11:27:00,5088.0,5090.0,5086.0,5088.0,1978,192864
930,2025-07-03 11:28:00,5086.0,5088.0,5086.0,5088.0,447,192777
931,2025-07-03 11:29:00,5088.0,5088.0,5084.0,5084.0,623,192781
932,2025-07-03 11:30:00,5086.0,5086.0,5084.0,5084.0,348,192669
933,2025-07-03 13:31:00,5084.0,5090.0,5084.0,5090.0,1056,192403
934,2025-07-03 13:32:00,5090.0,5090.0,5088.0,5090.0,702,192417
935,2025-07-03 13:33:00,5090.0,5090.0,5086.0,5086.0,522,192497
936,2025-07-03 13:34:00,5086.0,5092.0,5086.0,5092.0,1568,192664
937,2025-07-03 13:35:00,5092.0,5096.0,5090.0,5096.0,1465,192474
938,2025-07-03 13:36:00,5094.0,5096.0,5092.0,5096.0,1632,192415
939,2025-07-03 13:37:00,5096.0,5102.0,5096.0,5102.0,3230,191869
940,2025-07-03 13:38:00,5102.0,5108.0,5102.0,5106.0,3338,191719
941,2025-07-03 13:39:00,5106.0,5108.0,5104.0,5106.0,2066,191330
942,2025-07-03 13:40:00,5104.0,5110.0,5104.0,5110.0,3026,191034
943,2025-07-03 13:41:00,5108.0,5112.0,5108.0,5110.0,2714,190801
944,2025-07-03 13:42:00,5110.0,5118.0,5110.0,5114.0,5052,190324
945,2025-07-03 13:43:00,5114.0,5118.0,5112.0,5114.0,2754,190355
946,2025-07-03 13:44:00,5114.0,5114.0,5108.0,5108.0,834,190354
947,2025-07-03 13:45:00,5108.0,5110.0,5106.0,5106.0,1873,190151
948,2025-07-03 13:46:00,5106.0,5110.0,5106.0,5108.0,1276,190155
949,2025-07-03 13:47:00,5108.0,5110.0,5108.0,5108.0,422,190075
950,2025-07-03 13:48:00,5108.0,5110.0,5106.0,5108.0,1230,190170
951,2025-07-03 13:49:00,5108.0,5110.0,5104.0,5104.0,1146,190254
952,2025-07-03 13:50:00,5106.0,5108.0,5104.0,5106.0,499,190240
953,2025-07-03 13:51:00,5106.0,5108.0,5106.0,5106.0,680,190097
954,2025-07-03 13:52:00,5108.0,5108.0,5104.0,5104.0,905,190306
955,2025-07-03 13:53:00,5106.0,5108.0,5106.0,5108.0,356,190296
956,2025-07-03 13:54:00,5108.0,5108.0,5106.0,5106.0,331,190184
957,2025-07-03 13:55:00,5106.0,5106.0,5102.0,5102.0,1166,190211
958,2025-07-03 13:56:00,5102.0,5104.0,5098.0,5102.0,1995,190127
959,2025-07-03 13:57:00,5100.0,5102.0,5100.0,5102.0,1023,189989
960,2025-07-03 13:58:00,5102.0,5104.0,5102.0,5104.0,267,189970
961,2025-07-03 13:59:00,5104.0,5106.0,5102.0,5102.0,1011,190051
962,2025-07-03 14:00:00,5102.0,5102.0,5100.0,5100.0,456,189978
963,2025-07-03 14:01:00,5100.0,5104.0,5100.0,5102.0,650,189884
964,2025-07-03 14:02:00,5102.0,5104.0,5100.0,5100.0,736,189979
965,2025-07-03 14:03:00,5100.0,5104.0,5100.0,5102.0,825,190111
966,2025-07-03 14:04:00,5104.0,5104.0,5102.0,5104.0,568,190212
967,2025-07-03 14:05:00,5104.0,5106.0,5102.0,5106.0,636,190221
968,2025-07-03 14:06:00,5106.0,5106.0,5104.0,5104.0,765,190051
969,2025-07-03 14:07:00,5104.0,5108.0,5104.0,5104.0,610,190162
970,2025-07-03 14:08:00,5104.0,5106.0,5102.0,5102.0,631,190192
971,2025-07-03 14:09:00,5102.0,5104.0,5100.0,5102.0,545,190253
972,2025-07-03 14:10:00,5102.0,5102.0,5100.0,5100.0,166,190305
973,2025-07-03 14:11:00,5100.0,5102.0,5100.0,5100.0,1001,190190
974,2025-07-03 14:12:00,5100.0,5102.0,5100.0,5102.0,148,190098
975,2025-07-03 14:13:00,5102.0,5102.0,5098.0,5098.0,490,189967
976,2025-07-03 14:14:00,5098.0,5102.0,5098.0,5102.0,641,190002
977,2025-07-03 14:15:00,5102.0,5104.0,5100.0,5104.0,571,189994
978,2025-07-03 14:16:00,5104.0,5104.0,5102.0,5104.0,239,189920
979,2025-07-03 14:17:00,5104.0,5104.0,5102.0,5104.0,204,189888
980,2025-07-03 14:18:00,5104.0,5104.0,5102.0,5104.0,406,189775
981,2025-07-03 14:19:00,5104.0,5104.0,5100.0,5102.0,828,189984
982,2025-07-03 14:20:00,5102.0,5104.0,5100.0,5104.0,203,189949
983,2025-07-03 14:21:00,5104.0,5106.0,5102.0,5102.0,685,189857
984,2025-07-03 14:22:00,5102.0,5104.0,5102.0,5102.0,262,189932
985,2025-07-03 14:23:00,5102.0,5104.0,5100.0,5104.0,247,189879
986,2025-07-03 14:24:00,5104.0,5106.0,5102.0,5106.0,412,189804
987,2025-07-03 14:25:00,5106.0,5106.0,5102.0,5104.0,361,189789
988,2025-07-03 14:26:00,5104.0,5104.0,5102.0,5102.0,625,189894
989,2025-07-03 14:27:00,5102.0,5104.0,5100.0,5100.0,278,189845
990,2025-07-03 14:28:00,5100.0,5104.0,5100.0,5100.0,506,189873
991,2025-07-03 14:29:00,5100.0,5102.0,5098.0,5098.0,867,189749
992,2025-07-03 14:30:00,5100.0,5100.0,5096.0,5098.0,757,189789
993,2025-07-03 14:31:00,5096.0,5098.0,5094.0,5096.0,807,189723
994,2025-07-03 14:32:00,5094.0,5096.0,5094.0,5096.0,511,189618
995,2025-07-03 14:33:00,5096.0,5098.0,5094.0,5096.0,533,189634
996,2025-07-03 14:34:00,5094.0,5098.0,5094.0,5094.0,390,189620
997,2025-07-03 14:35:00,5094.0,5096.0,5092.0,5092.0,579,189747
998,2025-07-03 14:36:00,5094.0,5096.0,5092.0,5094.0,664,189603
999,2025-07-03 14:37:00,5096.0,5096.0,5092.0,5092.0,1513,189394
1000,2025-07-03 14:38:00,5092.0,5094.0,5092.0,5092.0,279,189329
1001,2025-07-03 14:39:00,5092.0,5094.0,5090.0,5092.0,629,189147
1002,2025-07-03 14:40:00,5090.0,5092.0,5090.0,5092.0,688,189097
1003,2025-07-03 14:41:00,5092.0,5092.0,5090.0,5092.0,588,189048
1004,2025-07-03 14:42:00,5092.0,5094.0,5090.0,5092.0,414,188913
1005,2025-07-03 14:43:00,5092.0,5094.0,5090.0,5094.0,437,188967
1006,2025-07-03 14:44:00,5094.0,5094.0,5090.0,5092.0,453,189028
1007,2025-07-03 14:45:00,5092.0,5092.0,5088.0,5092.0,997,189114
1008,2025-07-03 14:46:00,5092.0,5094.0,5090.0,5092.0,810,189064
1009,2025-07-03 14:47:00,5092.0,5092.0,5090.0,5090.0,210,189099
1010,2025-07-03 14:48:00,5090.0,5092.0,5090.0,5092.0,569,189054
1011,2025-07-03 14:49:00,5092.0,5092.0,5090.0,5092.0,483,189018
1012,2025-07-03 14:50:00,5092.0,5092.0,5090.0,5092.0,359,189031
1013,2025-07-03 14:51:00,5092.0,5094.0,5090.0,5094.0,1172,188740
1014,2025-07-03 14:52:00,5094.0,5094.0,5092.0,5094.0,257,188725
1015,2025-07-03 14:53:00,5094.0,5096.0,5092.0,5094.0,688,188556
1016,2025-07-03 14:54:00,5094.0,5094.0,5092.0,5094.0,170,188588
1017,2025-07-03 14:55:00,5092.0,5094.0,5092.0,5094.0,496,188551
1018,2025-07-03 14:56:00,5092.0,5094.0,5092.0,5094.0,382,188547
1019,2025-07-03 14:57:00,5092.0,5096.0,5092.0,5094.0,837,188513
1020,2025-07-03 14:58:00,5094.0,5096.0,5094.0,5096.0,266,188390
1021,2025-07-03 14:59:00,5094.0,5098.0,5094.0,5098.0,1318,187887
1022,2025-07-03 15:00:00,5098.0,5098.0,5094.0,5094.0,71,187843
